{"cameraMode":{"drawMode":0,"name":"Shaded","section":"Shading Mode"},"sceneLighting":false,"audioPlay":false,"sceneViewState":{"showFog":true,"showMaterialUpdate":true,"showSkybox":false,"showFlares":true,"showImageEffects":true,"showParticleSystems":true},"in2DMode":false,"pivot":{"x":8.940696716308594e-8,"y":0.0,"z":5.960464477539063e-8},"rotation":{"x":0.1606569141149521,"y":0.5317106246948242,"z":-0.10353929549455643,"w":0.8251060843467712},"size":0.4676062762737274,"orthographic":false}