{"cameraMode":{"drawMode":0,"name":"Shaded","section":"Shading Mode"},"sceneLighting":true,"audioPlay":false,"sceneViewState":{"showFog":true,"showMaterialUpdate":true,"showSkybox":true,"showFlares":true,"showImageEffects":true,"showParticleSystems":true},"in2DMode":false,"pivot":{"x":0.27000004053115847,"y":0.19999994337558747,"z":4.0},"rotation":{"x":-0.18982282280921937,"y":-0.6423643827438355,"z":0.1687760353088379,"w":-0.7231274247169495},"size":3.891564130783081,"orthographic":false}